{"initial_reset_timestamp": 1589489261.6353195, "timestamps": [1589489267.9004314, 1589489274.1328406, 1589489276.2882574, 1589489278.423275, 1589489280.554842], "episode_lengths": [911, 911, 911, 911, 911], "episode_rewards": [1035.890000000004, 1035.890000000004, 1035.890000000004, 1035.890000000004, 1035.890000000004], "episode_types": ["t", "t", "t", "t", "t"]}