{"initial_reset_timestamp": 1590130109.9737175, "timestamps": [1590130144.6284738, 1590130158.4751203, 1590130163.3432968, 1590130168.135395, 1590130172.119006], "episode_lengths": [2701, 2701, 2701, 2701, 2246], "episode_rewards": [321.3233333333568, 321.3233333333568, 321.3233333333568, 321.3233333333568, 1022.5400000000194], "episode_types": ["t", "t", "t", "t", "t"]}