{"initial_reset_timestamp": 1574206485.6263502, "timestamps": [1574206485.901513, 1574206486.0545464, 1574206486.093846, 1574206486.1105177, 1574206486.1274147], "episode_lengths": [6, 6, 6, 6, 6], "episode_rewards": [9.940000000000001, 9.940000000000001, 9.940000000000001, 9.940000000000001, 9.940000000000001], "episode_types": ["t", "t", "t", "t", "t"]}