{"initial_reset_timestamp": 1590130525.210958, "timestamps": [1590130534.0587115, 1590130542.9626677, 1590130545.9282765, 1590130548.83876, 1590130551.725632], "episode_lengths": [1704, 1704, 1704, 1704, 1704], "episode_rewards": [1127.9600000000153, 1127.9600000000153, 1127.9600000000153, 1127.9600000000153, 1127.9600000000153], "episode_types": ["t", "t", "t", "t", "t"]}