{"initial_reset_timestamp": 1589920173.347023, "timestamps": [1589920175.1014361, 1589920176.8986056, 1589920177.552906, 1589920178.1856973, 1589920178.8085213], "episode_lengths": [347, 346, 347, 347, 348], "episode_rewards": [1041.530000000002, 1041.5400000000022, 1041.530000000002, 1041.530000000002, 1041.5200000000023], "episode_types": ["t", "t", "t", "t", "t"]}