{"initial_reset_timestamp": 1590046815.8850071, "timestamps": [1590046817.975619, 1590046819.9082282, 1590046820.5756335, 1590046821.220699, 1590046821.8666654], "episode_lengths": [347, 346, 347, 347, 348], "episode_rewards": [1041.530000000002, 1041.5400000000022, 1041.530000000002, 1041.530000000002, 1041.5200000000023], "episode_types": ["t", "t", "t", "t", "t"]}