{"initial_reset_timestamp": 1574208772.577645, "timestamps": [1574208772.8807225, 1574208773.1284037, 1574208773.2079089, 1574208773.2484498, 1574208773.2889092], "episode_lengths": [16, 16, 16, 16, 16], "episode_rewards": [9.840000000000003, 9.840000000000003, 9.840000000000003, 9.840000000000003, 9.840000000000003], "episode_types": ["t", "t", "t", "t", "t"]}