{"initial_reset_timestamp": 1589489191.4834127, "timestamps": [1589489194.0426247, 1589489196.0729578, 1589489196.7468503, 1589489197.391948, 1589489198.0437224], "episode_lengths": [356, 355, 355, 356, 357], "episode_rewards": [1041.4400000000023, 1041.450000000002, 1041.450000000002, 1041.4400000000023, 1041.430000000002], "episode_types": ["t", "t", "t", "t", "t"]}