{"initial_reset_timestamp": 1574208795.2199113, "timestamps": [1574208795.565859, 1574208795.889884, 1574208795.9869883, 1574208796.0552144, 1574208796.1165173], "episode_lengths": [18, 18, 18, 18, 18], "episode_rewards": [9.820000000000004, 9.820000000000004, 9.820000000000004, 9.820000000000004, 9.820000000000004], "episode_types": ["t", "t", "t", "t", "t"]}