{"initial_reset_timestamp": 1590130457.27533, "timestamps": [1590130459.9197116, 1590130462.0432148, 1590130462.7690942, 1590130463.636965, 1590130464.5061817], "episode_lengths": [409, 409, 400, 498, 495], "episode_rewards": [1040.9100000000026, 1040.9100000000026, 1041.0000000000023, 1040.0200000000036, 1040.0500000000034], "episode_types": ["t", "t", "t", "t", "t"]}