{"initial_reset_timestamp": 1574206511.105536, "timestamps": [1574206511.665994, 1574206512.1821105, 1574206512.3836365, 1574206512.4726067, 1574206512.5548706], "episode_lengths": [36, 36, 36, 36, 36], "episode_rewards": [9.640000000000006, 9.640000000000006, 9.640000000000006, 9.640000000000006, 9.640000000000006], "episode_types": ["t", "t", "t", "t", "t"]}