{"initial_reset_timestamp": 1574037402.3639767, "timestamps": [1574037404.6808164, 1574037406.9006636, 1574037407.5678482, 1574037408.26937, 1574037408.9125357], "episode_lengths": [356, 355, 355, 356, 357], "episode_rewards": [1041.4400000000023, 1041.450000000002, 1041.450000000002, 1041.4400000000023, 1041.430000000002], "episode_types": ["t", "t", "t", "t", "t"]}