{"initial_reset_timestamp": 1589920272.9967873, "timestamps": [1589920276.7471406, 1589920280.5049343, 1589920281.8029175, 1589920283.0874975, 1589920284.3718774], "episode_lengths": [746, 746, 746, 746, 746], "episode_rewards": [2312.5400000000063, 2312.5400000000063, 2312.5400000000063, 2312.5400000000063, 2312.5400000000063], "episode_types": ["t", "t", "t", "t", "t"]}