{"initial_reset_timestamp": 1590046880.08635, "timestamps": [1590046885.6254766, 1590046891.4076602, 1590046893.3898025, 1590046895.3281474, 1590046897.2531867], "episode_lengths": [1066, 1066, 1066, 1066, 1066], "episode_rewards": [734.3400000000095, 734.3400000000095, 734.3400000000095, 734.3400000000095, 734.3400000000095], "episode_types": ["t", "t", "t", "t", "t"]}