{"initial_reset_timestamp": 1590130227.2586255, "timestamps": [1590130229.7433865, 1590130231.9544873, 1590130232.7304492, 1590130233.4899623, 1590130234.2488794], "episode_lengths": [417, 417, 417, 417, 417], "episode_rewards": [1540.8300000000036, 1540.8300000000036, 1540.8300000000036, 1540.8300000000036, 1540.8300000000036], "episode_types": ["t", "t", "t", "t", "t"]}